Alyssa Pramod,Wed Oct 7 16:47:04 2026 +1100,Update main.js,
Alyssa Pramod,Wed Oct 7 16:46:26 2026 +1100,fixing code,moved starfish code outside jellyfish since it wasnt working. added starfish image

Alyssa Pramod,Wed Oct 7 16:43:19 2026 +1100,adding shooting star,
Alyssa Pramod,Wed Oct 7 16:37:56 2026 +1100,new audio files and imgs added,
Alyssa Pramod,Wed Oct 7 16:31:37 2026 +1100,Update index.html,
Alyssa Pramod,Wed Oct 7 16:31:20 2026 +1100,Update main.js,
Alyssa Pramod,Wed Oct 7 16:30:57 2026 +1100,Update style.css,
Alyssa Pramod,Mon Sep 28 14:10:23 2026 +1000,Update .DS_Store,
Alyssa Pramod,Wed Sep 23 16:06:53 2026 +1000,Update main.js,
Alyssa Pramod,Tue Sep 22 23:27:50 2026 +1000,Update .DS_Store,
Alyssa Pramod,Tue Sep 22 23:25:47 2026 +1000,Update .DS_Store,
Alyssa Pramod,Tue Sep 22 23:12:04 2026 +1000,Update main.js,
Alyssa Pramod,Tue Sep 22 22:59:54 2026 +1000,fix,
Alyssa Pramod,Tue Sep 22 22:59:23 2026 +1000,exploration1,setting up colours for background

Alyssa Pramod,Fri Sep 18 12:34:08 2026 +1000,edit,
Alyssa Pramod,Thu Sep 17 13:26:34 2026 +1000,added mp3 file,
Alyssa Pramod,Wed Sep 16 13:41:23 2026 +1000,updated main.js,intro modal wasn't loading due to duplicate code.

Alyssa Pramod,Wed Sep 16 13:34:46 2026 +1000,edits,
Alyssa Pramod,Wed Sep 16 13:16:24 2026 +1000,fixing code,getting rid of any unwanted & extra code not related to my project

Alyssa Pramod,Wed Sep 16 13:02:36 2026 +1000,edit,fixing some code and retrieved my previous code that i lost

Alyssa Pramod,Thu Sep 10 11:52:06 2026 +1000,Update script.js,
Alyssa Pramod,Thu Sep 10 10:46:47 2026 +1000,edit,
Alyssa Pramod,Wed Aug 26 23:16:22 2026 +1000,Create .DS_Store,
Alyssa Pramod,Wed Aug 26 23:16:16 2026 +1000,made new file,
Alyssa Pramod,Thu Aug 20 11:17:08 2026 +1000,js update,
Alyssa Pramod,Thu Aug 20 10:08:28 2026 +1000,checking different js,
Alyssa Pramod,Thu Jul 30 12:17:57 2026 +1000,added notes,
Alyssa Pramod,Thu Jul 30 12:02:22 2026 +1000,updates,
Alyssa Pramod,Thu Jul 30 11:48:46 2026 +1000,Create index.html,